<?xml version = "1.0" encoding = "utf-8"?>
<!DOCTYPE hibernate-configuration PUBLIC
        "-//Hibernate/Hibernate Configuration DTD 3.0//EN"
        "http://www.hibernate.org/dtd/hibernate-configuration-3.0.dtd">

<hibernate-configuration>
	<session-factory>
		<property name="hibernate.dialect">org.hibernate.dialect.MySQLDialect</property>
		<property name="hibernate.connection.driver_class">com.mysql.jdbc.Driver</property>
		<property name="hibernate.connection.url">jdbc:mysql://localhost:3306/JobPortal</property>

		<property name="hibernate.connection.username">root</property>

		<property name="hibernate.connection.password">root</property>
		<property name="hbm2ddl.auto">update</property>
		<property name="show_sql">true</property>
		<property name="format_sql">true</property>
	
		
   
    <property name="hibernate.cache.use_second_level_cache" >true</property>
    <property name="hibernate.cache.region.factory_class">org.hibernate.cache.ehcache.EhCacheRegionFactory</property>
   
		
		
	     <mapping class="com.jobPortal.Models.Job" />
		<mapping class="com.jobPortal.Models.Registration" />
		<mapping class="com.jobPortal.Models.ProfileDetail" />
		<mapping class="com.jobPortal.Models.StudentAppliedDetail" />
	</session-factory>

</hibernate-configuration>